addr_a,addr_b,median,mean,stddev
0,0,833,842.5,20.2423
0,1024,833,843.5,20.9225
0,2048,833,843.75,21.4112
0,3072,833,844,21.9773
0,4096,833,842.75,21.2353
0,5120,833,839.5,16.6658
0,6144,833,844.25,21.7126
0,7168,833,852,26.0576
0,8192,873,870,11.7898
0,9216,873,871.75,9.40412
0,10240,873,872.75,7.61167
0,11264,873,874.25,12.9783
0,12288,873,875,14.1421
0,13312,873,870.75,10.8138
0,14336,873,872,9.94987
0,15360,873,872.25,9.02427
1024,0,833,842.25,20.5046
1024,1024,833,844.5,22.5333
1024,2048,833,848,23.7276
1024,3072,833,844.5,21.2544
1024,4096,833,842.25,20.3086
1024,5120,833,843.5,21.3951
1024,6144,833,845,22.8035
1024,7168,833,854,78.7591
1024,8192,873,870,10.7238
1024,9216,873,870.5,11.3908
1024,10240,873,872,9.74679
1024,11264,873,874.25,23.4187
1024,12288,873,869,12.9615
1024,13312,873,868.75,11.6592
1024,14336,873,869.75,10.3652
1024,15360,873,873.75,7.83821
2048,0,833,842.5,22.5776
2048,1024,833,846.5,23.103
2048,2048,833,843,20.199
2048,3072,833,842.75,19.1556
2048,4096,833,844,22.1585
2048,5120,833,842.75,21.2353
2048,6144,833,839.5,16.6658
2048,7168,833,845.5,23.1463
2048,8192,873,874,7.93725
2048,9216,873,871.75,11.333
2048,10240,873,873.75,10.6507
2048,11264,873,872,9.32738
2048,12288,873,877.75,22.1684
2048,13312,873,867.75,13.3581
2048,14336,873,871.75,9.40412
2048,15360,873,872.5,7.19375
3072,0,833,845.75,31.1679
3072,1024,833,841.5,28.1381
3072,2048,833,838.75,16.2769
3072,3072,833,841,18.9737
3072,4096,833,846,23.8956
3072,5120,833,840.75,18.7066
3072,6144,833,842,19.8746
3072,7168,833,842.75,21.7011
3072,8192,873,872.25,8.33292
3072,9216,873,872.75,10.0964
3072,10240,873,869.75,12.306
3072,11264,873,874.25,10.9744
3072,12288,873,870.25,11.0651
3072,13312,873,873.5,9.1515
3072,14336,873,872.25,9.66631
3072,15360,873,874,17.9722
4096,0,833,837,10.7703
4096,1024,833,849.75,24.2783
4096,2048,833,840.75,18.5994
4096,3072,833,840.5,18.8613
4096,4096,833,844,29.3769
4096,5120,833,842.25,19.0902
4096,6144,833,842.25,20.7951
4096,7168,833,846.25,23.6313
4096,8192,873,872.25,8.08934
4096,9216,873,869.75,11.2888
4096,10240,873,871.25,9.94673
4096,11264,873,874,5.91608
4096,12288,873,871.75,9.40412
4096,13312,873,871.75,12.0182
4096,14336,873,872.75,5.09289
4096,15360,873,871.5,9.47365
5120,0,833,841.5,19.9937
5120,1024,833,844,21.7945
5120,2048,833,843.25,20.2222
5120,3072,833,841.25,18.4916
5120,4096,833,848.75,24.7778
5120,5120,833,845.5,22.6219
5120,6144,833,846.25,23.4614
5120,7168,833,844.5,21.5349
5120,8192,873,871.25,10.3411
5120,9216,873,874.75,9.53612
5120,10240,873,867.75,13.3581
5120,11264,873,871.5,9.04157
5120,12288,873,868,13.5277
5120,13312,873,869.75,11.6378
5120,14336,873,870.25,11.4209
5120,15360,873,870.25,11.5947
6144,0,833,841.75,21.1999
6144,1024,833,840.25,16.0449
6144,2048,833,840.5,18.8613
6144,3072,833,837.5,12.48
6144,4096,833,841.5,18.6481
6144,5120,833,840,18.735
6144,6144,833,840.5,16.7257
6144,7168,833,846,23.3024
6144,8192,873,870,12.2882
6144,9216,873,872.75,10.0964
6144,10240,873,874,8.18535
6144,11264,873,872.25,12.387
6144,12288,873,868.5,11.9896
6144,13312,873,873,6.63325
6144,14336,873,875.75,22.7692
6144,15360,873,870,13.8203
7168,0,833,846.75,23.5146
7168,1024,833,841,18.4391
7168,2048,833,842.5,19.6405
7168,3072,833,845.75,22.5264
7168,4096,833,843.5,20.8267
7168,5120,833,864,109.959
7168,6144,833,841.25,18.3831
7168,7168,833,842.25,20.3086
7168,8192,873,867.75,12.5872
7168,9216,873,867.75,12.5872
7168,10240,873,871.5,9.26013
7168,11264,873,872.25,8.33292
7168,12288,873,871.5,8.8176
7168,13312,873,875.25,23.7684
7168,14336,873,881.25,29.4268
7168,15360,873,873.75,13.1696
8192,0,873,872.5,11.9896
8192,1024,873,872,10.1489
8192,2048,873,874.75,23.5571
8192,3072,873,867.75,12.9011
8192,4096,873,871,9.59166
8192,5120,873,872.5,10.7587
8192,6144,873,869.5,11.1243
8192,7168,873,872.75,7.61167
8192,8192,833,842.75,20.5654
8192,9216,833,839.75,18.0121
8192,10240,833,840.75,18.4916
8192,11264,833,837,14
8192,12288,833,845.5,22.798
8192,13312,833,844,21.8861
8192,14336,833,843,18.4391
8192,15360,833,843.5,20.5366
9216,0,873,874.75,9.53612
9216,1024,873,868,13.5277
9216,2048,873,870.5,11.565
9216,3072,873,875.5,17.1391
9216,4096,873,870.5,9.88686
9216,5120,873,871.75,11.333
9216,6144,873,873,7.48331
9216,7168,873,872.5,10.3803
9216,8192,833,843,19.6977
9216,9216,833,841.5,18.214
9216,10240,833,841.5,28.209
9216,11264,833,845.25,22.8021
9216,12288,833,849.5,24.408
9216,13312,833,844.5,21.1601
9216,14336,833,841.5,18.214
9216,15360,833,845,21.3542
10240,0,873,873,10.7703
10240,1024,873,871.25,9.107
10240,2048,873,872.25,10.8369
10240,3072,873,872.5,10.3803
10240,4096,873,870,12.2882
10240,5120,873,876.75,23.0638
10240,6144,873,873.75,7.83821
10240,7168,873,871,12.3288
10240,8192,833,843,20.199
10240,9216,833,843,19.4936
10240,10240,833,843,20.3961
10240,11264,833,838.75,16.7612
10240,12288,833,840,16.0935
10240,13312,833,847,23.9165
10240,14336,833,841,18.9737
10240,15360,833,841,17.6635
11264,0,873,870.75,9.84568
11264,1024,873,874.75,23.8943
11264,2048,873,869.75,10.7442
11264,3072,873,873.5,8.70345
11264,4096,873,871.75,9.40412
11264,5120,873,873,9.79796
11264,6144,873,871.75,9.40412
11264,7168,873,869.75,11.6378
11264,8192,833,841,17.8885
11264,9216,833,844.25,21.341
11264,10240,833,842.75,20.5654
11264,11264,833,844.75,22.626
11264,12288,833,842.75,20.1727
11264,13312,833,841.75,19.9358
11264,14336,833,841.25,18.7066
11264,15360,833,840.75,18.4916
12288,0,873,873.75,7.83821
12288,1024,873,869.75,12.9398
12288,2048,873,871.5,9.26013
12288,3072,873,870.5,11.2138
12288,4096,873,873.75,7.83821
12288,5120,873,872.25,9.87104
12288,6144,873,873,9.79796
12288,7168,873,874.25,14.0156
12288,8192,833,840.75,18.7066
12288,9216,833,843.5,22.3998
12288,10240,833,846.75,24.6767
12288,11264,833,845.25,22.4486
12288,12288,833,841.25,17.8308
12288,13312,833,841.75,19.6326
12288,14336,833,845.75,23.1395
12288,15360,833,841.5,18.4323
13312,0,873,873.5,7.46659
13312,1024,873,871.25,10.7209
13312,2048,873,868,13.5277
13312,3072,873,871,9.16515
13312,4096,873,870.75,10.8138
13312,5120,873,874,7.68115
13312,6144,873,872,9.32738
13312,7168,873,869.5,13.8474
13312,8192,833,839.75,16.1381
13312,9216,833,842,20.0749
13312,10240,833,840.25,16.0449
13312,11264,833,842,20.567
13312,12288,833,839.5,16.6658
13312,13312,833,844.5,21.9943
13312,14336,833,841.5,18.3235
13312,15360,833,847.75,24.0091
14336,0,873,871.25,9.107
14336,1024,873,873.5,7.72981
14336,2048,873,870,10.9087
14336,3072,873,871.5,10.2835
14336,4096,873,871.75,9.61444
14336,5120,873,871.75,9.40412
14336,6144,873,871,11.4891
14336,7168,873,872.5,8.70345
14336,8192,833,839.75,16.1381
14336,9216,833,836.25,9.97184
14336,10240,833,841.25,18.5994
14336,11264,833,842.5,20.4389
14336,12288,833,842.75,20.1727
14336,13312,833,841,18.5472
14336,14336,833,838.75,17.1154
14336,15360,833,841.25,18.4916
15360,0,873,873.5,24.5713
15360,1024,873,871,12.6491
15360,2048,873,875.25,17.3476
15360,3072,873,872,10.3441
15360,4096,873,868,12.6095
15360,5120,873,871.5,9.88686
15360,6144,873,872,10.5357
15360,7168,873,870.5,9.88686
15360,8192,833,845.75,22.7912
15360,9216,833,843,19.5959
15360,10240,833,843,20
15360,11264,833,843.5,21.3951
15360,12288,833,842.75,20.37
15360,13312,833,841,18.4391
15360,14336,833,844,21.7025
15360,15360,833,847.5,24.0364
